Timestamp for sample frequency every 1 min,Temperature_Celsius,Umidit√† Relativa
2/24/2018 20:23,21.8764,50.7017
2/24/2018 20:24,22.6486,69.0427
2/24/2018 20:25,22.5307,47.4668
2/24/2018 20:26,22.2518,45.0559
2/24/2018 20:27,22.1231,43.8657
2/24/2018 20:28,22.0266,43.0417
2/24/2018 20:29,21.9193,42.4924
2/24/2018 20:30,21.8121,43.0112
2/24/2018 20:31,21.6512,41.76
2/24/2018 20:32,21.5547,41.5464
2/24/2018 20:33,21.4689,41.3938
2/24/2018 20:34,21.3938,41.2717
2/24/2018 20:35,21.2973,41.1497
2/24/2018 20:36,21.2329,41.1191
2/24/2018 20:37,21.1686,41.1191
2/24/2018 20:38,21.1042,41.0581
2/24/2018 20:39,21.0399,41.0276
2/24/2018 20:40,20.9862,40.9971
2/24/2018 20:41,21.2436,44.2319
2/24/2018 20:42,21.1686,43.2249
2/24/2018 20:43,21.1257,42.7671
2/24/2018 20:44,21.072,42.4009
2/24/2018 20:45,21.0184,42.1567
2/24/2018 20:46,20.9755,41.9431
2/24/2018 20:47,20.9112,41.821
2/24/2018 20:48,20.8468,41.7295
2/24/2018 20:49,20.8254,41.6379
2/24/2018 20:50,20.8254,41.5769
2/24/2018 20:51,20.7825,41.5159
2/24/2018 20:52,20.7396,41.4854
2/24/2018 20:53,20.6967,41.4548
2/24/2018 20:54,20.6538,41.4243
2/24/2018 20:55,20.6323,41.3938
2/24/2018 20:56,20.6001,41.3633
2/24/2018 20:57,20.568,41.3633
2/24/2018 20:58,20.5465,41.3633
2/24/2018 20:59,20.5251,41.3938
2/24/2018 21:00,20.5036,41.3938
2/24/2018 21:01,20.4607,41.4243
2/24/2018 21:02,20.45,41.4243
2/24/2018 21:03,20.4285,41.4243
2/24/2018 21:04,20.4071,41.4548
2/24/2018 21:05,20.3964,41.4854
2/24/2018 21:06,20.3749,41.4854
2/24/2018 21:07,20.3535,41.5159
2/24/2018 21:08,20.3427,41.5464
2/24/2018 21:09,20.332,41.5769
2/24/2018 21:10,20.3106,41.6074
2/24/2018 21:11,20.3106,41.6074
2/24/2018 21:12,20.2891,41.6379
2/24/2018 21:13,20.2784,41.6685
2/24/2018 21:14,20.2677,41.6685
2/24/2018 21:15,20.2677,41.699
2/24/2018 21:16,20.2569,41.7295
2/24/2018 21:17,20.2462,41.76
2/24/2018 21:18,20.2462,41.7905
2/24/2018 21:19,20.2355,41.7905
2/24/2018 21:20,20.2248,41.821
2/24/2018 21:21,20.2248,41.8516
2/24/2018 21:22,20.2248,41.8821
2/24/2018 21:23,20.214,41.9126
2/24/2018 21:24,20.2033,41.9431
2/24/2018 21:25,20.2033,41.9736
2/24/2018 21:26,20.2033,41.9736
2/24/2018 21:27,20.2033,42.0652
2/24/2018 21:28,20.2033,42.0652
2/24/2018 21:29,20.1926,42.0957
2/24/2018 21:30,20.1819,42.1262
2/24/2018 21:31,20.1819,42.1567
2/24/2018 21:32,20.1819,42.1873
2/24/2018 21:33,20.1819,42.1873
2/24/2018 21:34,20.1711,42.2178
2/24/2018 21:35,20.1711,42.2483
2/24/2018 21:36,20.1711,42.2788
2/24/2018 21:37,20.1711,42.3093
2/24/2018 21:38,20.1711,42.3398
2/24/2018 21:39,20.1711,42.3704
2/24/2018 21:40,20.1604,42.3704
2/24/2018 21:41,20.1604,42.4009
2/24/2018 21:42,20.1604,42.4314
2/24/2018 21:43,20.1497,42.4314
2/24/2018 21:44,20.1497,42.4924
2/24/2018 21:45,20.139,42.5229
2/24/2018 21:46,20.139,42.5535
2/24/2018 21:47,20.139,42.584
2/24/2018 21:48,20.1282,42.584
2/24/2018 21:49,20.1282,42.6145
2/24/2018 21:50,20.1282,42.645
2/24/2018 21:51,20.1282,42.6755
2/24/2018 21:52,20.1175,42.6755
2/24/2018 21:53,20.1175,42.6755
2/24/2018 21:54,20.1068,42.7061
2/24/2018 21:55,20.1068,42.7366
2/24/2018 21:56,20.0961,42.7366
2/24/2018 21:57,20.0961,42.7671
2/24/2018 21:58,20.0961,42.7671
2/24/2018 21:59,20.0961,42.7976
2/24/2018 22:00,20.0961,42.8281
2/24/2018 22:01,20.0853,42.8586
2/24/2018 22:02,20.0853,42.8892
2/24/2018 22:03,20.0853,42.9197
2/24/2018 22:04,20.0853,42.9197
2/24/2018 22:05,20.0746,42.9502
2/24/2018 22:06,20.0746,42.9807
2/24/2018 22:07,20.0746,43.0112
2/24/2018 22:08,20.0746,43.0417
2/24/2018 22:09,20.0746,43.0417
2/24/2018 22:10,20.0746,43.0723
2/24/2018 22:11,20.0746,43.1028
2/24/2018 22:12,20.0746,43.1028
2/24/2018 22:13,20.0639,43.1943
2/24/2018 22:14,20.0639,43.1943
2/24/2018 22:15,20.0639,43.2249
2/24/2018 22:16,20.0639,43.2554
2/24/2018 22:17,20.0639,43.2554
2/24/2018 22:18,20.0639,43.2859
2/24/2018 22:19,20.0639,43.3164
2/24/2018 22:20,20.0532,43.3164
2/24/2018 22:21,20.0639,43.3469
2/24/2018 22:22,20.0532,43.3774
2/24/2018 22:23,20.0532,43.3774
2/24/2018 22:24,20.0532,43.408
2/24/2018 22:25,20.0424,43.4385
2/24/2018 22:26,20.0424,43.4385
2/24/2018 22:27,20.021,43.469
2/24/2018 22:28,20.021,43.4995
2/24/2018 22:29,20.021,43.4995
2/24/2018 22:30,20.021,43.53
2/24/2018 22:31,20.021,43.5911
2/24/2018 22:32,20.021,43.5911
2/24/2018 22:33,20.0103,43.6216
2/24/2018 22:34,20.0103,43.6521
2/24/2018 22:35,19.9995,43.6521
2/24/2018 22:36,19.9995,43.6826
2/24/2018 22:37,19.9995,43.7131
2/24/2018 22:38,19.9995,43.7131
2/24/2018 22:39,19.9888,43.7437
2/24/2018 22:40,19.9888,43.7742
2/24/2018 22:41,19.9888,43.8352
2/24/2018 22:42,19.9888,43.8352
2/24/2018 22:43,19.9888,43.8657
2/24/2018 22:44,19.9888,43.8962
2/24/2018 22:45,19.9781,43.9268
2/24/2018 22:46,19.9781,43.9573
2/24/2018 22:47,19.9781,44.0183
2/24/2018 22:48,19.9781,44.0488
2/24/2018 22:49,19.9781,44.1099
2/24/2018 22:50,19.9781,44.1099
2/24/2018 22:51,19.9888,44.1404
2/24/2018 22:52,19.9888,44.1709
2/24/2018 22:53,19.9781,44.2014
2/24/2018 22:54,19.9888,44.2319
2/24/2018 22:55,19.9781,44.2625
2/24/2018 22:56,19.9888,44.293
2/24/2018 22:57,19.9888,44.293
2/24/2018 22:58,19.9888,44.3235
2/24/2018 22:59,19.9888,44.354
2/24/2018 23:00,19.9995,44.3845
2/24/2018 23:01,19.9995,44.4456
2/24/2018 23:02,19.9995,44.4761
2/24/2018 23:03,19.9995,44.5066
2/24/2018 23:04,19.9995,44.5371
2/24/2018 23:05,20.0103,44.5676
2/24/2018 23:06,20.0103,44.5676
2/24/2018 23:07,20.0103,44.6287
2/24/2018 23:08,20.0103,44.6287
2/24/2018 23:09,20.0103,44.6897
2/24/2018 23:10,20.0103,44.6897
2/24/2018 23:11,20.0103,44.7202
2/24/2018 23:12,20.0103,44.7507
2/24/2018 23:13,20.0103,44.7812
2/24/2018 23:14,20.0103,44.8118
2/24/2018 23:15,20.0103,44.8118
2/24/2018 23:16,20.0103,44.9033
2/24/2018 23:17,20.0103,44.9338
2/24/2018 23:18,20.0103,44.9644
2/24/2018 23:19,20.0103,44.9644
2/24/2018 23:20,20.0103,44.9949
2/24/2018 23:21,20.0103,45.0254
2/24/2018 23:22,20.0103,45.0559
2/24/2018 23:23,19.9995,45.0864
2/24/2018 23:24,19.9995,45.0864
2/24/2018 23:25,19.9995,45.1475
2/24/2018 23:26,19.9995,45.1475
2/24/2018 23:27,19.9995,45.178
2/24/2018 23:28,19.9995,45.2085
2/24/2018 23:29,19.9888,45.239
2/24/2018 23:30,19.9888,45.239
2/24/2018 23:31,19.9781,45.3
2/24/2018 23:32,19.9781,45.3
2/24/2018 23:33,19.9781,45.3306
2/24/2018 23:34,19.9781,45.3306
2/24/2018 23:35,19.9781,45.3306
2/24/2018 23:36,19.9674,45.3306
2/24/2018 23:37,19.9674,45.3306
2/24/2018 23:38,19.9566,45.3306
2/24/2018 23:39,19.9566,45.3306
2/24/2018 23:40,19.9566,45.3
2/24/2018 23:41,19.9459,45.3
2/24/2018 23:42,19.9459,45.3
2/24/2018 23:43,19.9352,45.3
2/24/2018 23:44,19.9352,45.3
2/24/2018 23:45,19.9352,45.3
2/24/2018 23:46,19.9245,45.3
2/24/2018 23:47,19.9245,45.3
2/24/2018 23:48,19.9137,45.3
2/24/2018 23:49,19.9137,45.3
2/24/2018 23:50,19.9137,45.3
2/24/2018 23:51,19.903,45.3
2/24/2018 23:52,19.903,45.3
2/24/2018 23:53,19.8923,45.3
2/24/2018 23:54,19.8923,45.3306
2/24/2018 23:55,19.8816,45.3306
2/24/2018 23:56,19.8816,45.3611
2/24/2018 23:57,19.8816,45.3916
2/24/2018 23:58,19.8816,45.3916
2/24/2018 23:59,19.8816,45.3916
2/25/2018 0:00,19.8708,45.4221
2/25/2018 0:01,19.8601,45.4526
2/25/2018 0:02,19.8601,45.4526
2/25/2018 0:03,19.8601,45.4832
2/25/2018 0:04,19.8494,45.5442
2/25/2018 0:05,19.8494,45.5442
2/25/2018 0:06,19.8387,45.5442
2/25/2018 0:07,19.8387,45.5747
2/25/2018 0:08,19.8279,45.6052
2/25/2018 0:09,19.8279,45.6052
2/25/2018 0:10,19.8279,45.6052
2/25/2018 0:11,19.8279,45.6357
2/25/2018 0:12,19.8172,45.6357
2/25/2018 0:13,19.8065,45.6663
2/25/2018 0:14,19.8065,45.6663
2/25/2018 0:15,19.8065,45.6663
2/25/2018 0:16,19.7958,45.6663
2/25/2018 0:17,19.7958,45.6968
2/25/2018 0:18,19.7958,45.7273
2/25/2018 0:19,19.785,45.7273
2/25/2018 0:20,19.785,45.7273
2/25/2018 0:21,19.7743,45.7578
2/25/2018 0:22,19.7743,45.7578
2/25/2018 0:23,19.7743,45.7883
2/25/2018 0:24,19.7636,45.7883
2/25/2018 0:25,19.7636,45.7883
2/25/2018 0:26,19.7529,45.8188
2/25/2018 0:27,19.7421,45.8188
2/25/2018 0:28,19.7421,45.8494
2/25/2018 0:29,19.7421,45.8494
2/25/2018 0:30,19.7421,45.8799
2/25/2018 0:31,19.7314,45.8799
2/25/2018 0:32,19.7314,45.9104
2/25/2018 0:33,19.7207,45.9104
2/25/2018 0:34,19.7207,45.9409
2/25/2018 0:35,19.71,45.9714
2/25/2018 0:36,19.6992,45.9714
2/25/2018 0:37,19.6992,45.9714
2/25/2018 0:38,19.6992,46.002
2/25/2018 0:39,19.6992,46.002
2/25/2018 0:40,19.6992,46.0325
2/25/2018 0:41,19.6885,46.0325
2/25/2018 0:42,19.6885,46.0325
2/25/2018 0:43,19.6778,46.0935
2/25/2018 0:44,19.6778,46.0935
2/25/2018 0:45,19.6563,46.124
2/25/2018 0:46,19.6563,46.124
2/25/2018 0:47,19.6456,46.1545
2/25/2018 0:48,19.6456,46.1545
2/25/2018 0:49,19.6456,46.1545
2/25/2018 0:50,19.6349,46.2156
2/25/2018 0:51,19.6349,46.2461
2/25/2018 0:52,19.6349,46.2461
2/25/2018 0:53,19.6242,46.2766
2/25/2018 0:54,19.6134,46.3071
2/25/2018 0:55,19.6134,46.3071
2/25/2018 0:56,19.6134,46.3376
2/25/2018 0:57,19.6134,46.3376
2/25/2018 0:58,19.6027,46.3682
2/25/2018 0:59,19.6027,46.3682
2/25/2018 1:00,19.6027,46.3987
2/25/2018 1:01,19.592,46.4292
2/25/2018 1:02,19.592,46.4292
2/25/2018 1:03,19.5705,46.4597
2/25/2018 1:04,19.5705,46.4597
2/25/2018 1:05,19.5598,46.4902
2/25/2018 1:06,19.5598,46.4902
2/25/2018 1:07,19.5598,46.4902
2/25/2018 1:08,19.5598,46.5513
2/25/2018 1:09,19.5491,46.5513
2/25/2018 1:10,19.5491,46.5818
2/25/2018 1:11,19.5384,46.6123
2/25/2018 1:12,19.5384,46.6123
2/25/2018 1:13,19.5276,46.6123
2/25/2018 1:14,19.5276,46.6428
2/25/2018 1:15,19.5276,46.6733
2/25/2018 1:16,19.5276,46.6733
2/25/2018 1:17,19.5169,46.7039
2/25/2018 1:18,19.5169,46.7344
2/25/2018 1:19,19.5062,46.7649
2/25/2018 1:20,19.5062,46.7954
2/25/2018 1:21,19.5062,46.7954
2/25/2018 1:22,19.5062,46.7954
2/25/2018 1:23,19.4955,46.7954
2/25/2018 1:24,19.4847,46.7954
2/25/2018 1:25,19.4847,46.7954
2/25/2018 1:26,19.4847,46.7954
2/25/2018 1:27,19.474,46.8259
2/25/2018 1:28,19.4847,46.8259
2/25/2018 1:29,19.474,46.8259
2/25/2018 1:30,19.474,46.887
2/25/2018 1:31,19.4633,46.887
2/25/2018 1:32,19.4633,46.9175
2/25/2018 1:33,19.4633,46.948
2/25/2018 1:34,19.4633,46.9785
2/25/2018 1:35,19.4526,47.009
2/25/2018 1:36,19.4526,47.0396
2/25/2018 1:37,19.4526,47.0396
2/25/2018 1:38,19.4418,47.0701
2/25/2018 1:39,19.4418,47.0701
2/25/2018 1:40,19.4418,47.1006
2/25/2018 1:41,19.4311,47.1006
2/25/2018 1:42,19.4311,47.1311
2/25/2018 1:43,19.4204,47.1311
2/25/2018 1:44,19.4204,47.1616
2/25/2018 1:45,19.4204,47.1921
2/25/2018 1:46,19.4097,47.2227
2/25/2018 1:47,19.4097,47.2227
2/25/2018 1:48,19.4097,47.2532
2/25/2018 1:49,19.4097,47.2837
2/25/2018 1:50,19.4097,47.3447
2/25/2018 1:51,19.3989,47.3142
2/25/2018 1:52,19.3989,47.3447
2/25/2018 1:53,19.3989,47.3752
2/25/2018 1:54,19.3989,47.3752
2/25/2018 1:55,19.3882,47.4058
2/25/2018 1:56,19.3882,47.4058
2/25/2018 1:57,19.3775,47.4363
2/25/2018 1:58,19.3775,47.4668
2/25/2018 1:59,19.3775,47.4668
2/25/2018 2:00,19.3668,47.4668
2/25/2018 2:01,19.3668,47.4973
2/25/2018 2:02,19.356,47.4973
2/25/2018 2:03,19.356,47.5278
2/25/2018 2:04,19.356,47.5278
2/25/2018 2:05,19.3453,47.5278
2/25/2018 2:06,19.3453,47.5583
2/25/2018 2:07,19.3453,47.6194
2/25/2018 2:08,19.3346,47.6194
2/25/2018 2:09,19.3346,47.6194
2/25/2018 2:10,19.3346,47.6499
2/25/2018 2:11,19.3239,47.6499
2/25/2018 2:12,19.3239,47.6804
2/25/2018 2:13,19.3239,47.6804
2/25/2018 2:14,19.3131,47.7109
2/25/2018 2:15,19.3131,47.7415
2/25/2018 2:16,19.3131,47.7415
2/25/2018 2:17,19.3024,47.7415
2/25/2018 2:18,19.3024,47.772
2/25/2018 2:19,19.3024,47.772
2/25/2018 2:20,19.2917,47.8025
2/25/2018 2:21,19.2917,47.8025
2/25/2018 2:22,19.2917,47.8025
2/25/2018 2:23,19.281,47.833
2/25/2018 2:24,19.281,47.833
2/25/2018 2:25,19.281,47.8635
2/25/2018 2:26,19.281,47.894
2/25/2018 2:27,19.2702,47.894
2/25/2018 2:28,19.2702,47.9246
2/25/2018 2:29,19.2702,47.9551
2/25/2018 2:30,19.2595,47.9551
2/25/2018 2:31,19.2595,47.9856
2/25/2018 2:32,19.2595,47.9856
2/25/2018 2:33,19.2595,48.0466
2/25/2018 2:34,19.2488,48.0466
2/25/2018 2:35,19.2488,48.0771
2/25/2018 2:36,19.2488,48.0771
2/25/2018 2:37,19.2381,48.1077
2/25/2018 2:38,19.2381,48.1382
2/25/2018 2:39,19.2273,48.1382
2/25/2018 2:40,19.2273,48.1382
2/25/2018 2:41,19.2273,48.1382
2/25/2018 2:42,19.2166,48.1382
2/25/2018 2:43,19.2166,48.1687
2/25/2018 2:44,19.2059,48.1687
2/25/2018 2:45,19.2059,48.1687
2/25/2018 2:46,19.2059,48.1382
2/25/2018 2:47,19.2059,48.1382
2/25/2018 2:48,19.2059,48.1687
2/25/2018 2:49,19.2059,48.1687
2/25/2018 2:50,19.1952,48.1992
2/25/2018 2:51,19.1952,48.2297
2/25/2018 2:52,19.1952,48.2297
2/25/2018 2:53,19.1952,48.2297
2/25/2018 2:54,19.1844,48.2908
2/25/2018 2:55,19.1844,48.3213
2/25/2018 2:56,19.1844,48.3213
2/25/2018 2:57,19.1844,48.3213
2/25/2018 2:58,19.1844,48.3213
2/25/2018 2:59,19.1737,48.3213
2/25/2018 3:00,19.1737,48.3213
2/25/2018 3:01,19.1737,48.3213
2/25/2018 3:02,19.1737,48.3213
2/25/2018 3:03,19.163,48.3518
2/25/2018 3:04,19.163,48.3518
2/25/2018 3:05,19.163,48.3518
2/25/2018 3:06,19.163,48.3518
2/25/2018 3:07,19.163,48.3518
2/25/2018 3:08,19.1523,48.3518
2/25/2018 3:09,19.1523,48.3518
2/25/2018 3:10,19.1308,48.3518
2/25/2018 3:11,19.1308,48.3823
2/25/2018 3:12,19.1308,48.3823
2/25/2018 3:13,19.1308,48.3823
2/25/2018 3:14,19.1201,48.3823
2/25/2018 3:15,19.1201,48.3823
2/25/2018 3:16,19.1201,48.4128
2/25/2018 3:17,19.1201,48.4434
2/25/2018 3:18,19.1094,48.4434
2/25/2018 3:19,19.1094,48.4739
2/25/2018 3:20,19.1094,48.4739
2/25/2018 3:21,19.1094,48.5044
2/25/2018 3:22,19.1094,48.5044
2/25/2018 3:23,19.0986,48.5349
2/25/2018 3:24,19.0986,48.5349
2/25/2018 3:25,19.0879,48.5654
2/25/2018 3:26,19.0986,48.5654
2/25/2018 3:27,19.0879,48.5654
2/25/2018 3:28,19.0879,48.5654
2/25/2018 3:29,19.0772,48.5654
2/25/2018 3:30,19.0772,48.5654
2/25/2018 3:31,19.0772,48.5959
2/25/2018 3:32,19.0772,48.6265
2/25/2018 3:33,19.0665,48.6265
2/25/2018 3:34,19.0665,48.6265
2/25/2018 3:35,19.0665,48.6265
2/25/2018 3:36,19.0665,48.657
2/25/2018 3:37,19.0557,48.657
2/25/2018 3:38,19.0557,48.6875
2/25/2018 3:39,19.0557,48.7485
2/25/2018 3:40,19.0557,48.7485
2/25/2018 3:41,19.045,48.7791
2/25/2018 3:42,19.045,48.8096
2/25/2018 3:43,19.045,48.8401
2/25/2018 3:44,19.045,48.8401
2/25/2018 3:45,19.0343,48.8706
2/25/2018 3:46,19.0236,48.8706
2/25/2018 3:47,19.0236,48.9011
2/25/2018 3:48,19.0236,48.9316
2/25/2018 3:49,19.0236,48.9622
2/25/2018 3:50,19.0236,49.0232
2/25/2018 3:51,19.0236,49.0232
2/25/2018 3:52,19.0236,49.0537
2/25/2018 3:53,19.0128,49.0232
2/25/2018 3:54,19.0128,49.0232
2/25/2018 3:55,19.0021,49.0232
2/25/2018 3:56,19.0021,48.9622
2/25/2018 3:57,19.0021,48.9316
2/25/2018 3:58,19.0021,48.9316
2/25/2018 3:59,18.9914,48.9011
2/25/2018 4:00,18.9914,48.8706
2/25/2018 4:01,18.9806,48.8706
2/25/2018 4:02,18.9806,48.8706
2/25/2018 4:03,18.9806,48.8706
2/25/2018 4:04,18.9806,48.8706
2/25/2018 4:05,18.9806,48.9011
2/25/2018 4:06,18.9806,48.9316
2/25/2018 4:07,18.9806,48.9622
2/25/2018 4:08,18.9699,49.0232
2/25/2018 4:09,18.9699,49.0842
2/25/2018 4:10,18.9592,49.0842
2/25/2018 4:11,18.9592,49.1453
2/25/2018 4:12,18.9592,49.1453
2/25/2018 4:13,18.9485,49.1758
2/25/2018 4:14,18.9485,49.2063
2/25/2018 4:15,18.9377,49.2368
2/25/2018 4:16,18.9377,49.2673
2/25/2018 4:17,18.9377,49.2979
2/25/2018 4:18,18.9377,49.3284
2/25/2018 4:19,18.9377,49.3284
2/25/2018 4:20,18.9377,49.3589
2/25/2018 4:21,18.9377,49.3589
2/25/2018 4:22,18.9377,49.3589
2/25/2018 4:23,18.9377,49.3894
2/25/2018 4:24,18.9377,49.3894
2/25/2018 4:25,18.927,49.3894
2/25/2018 4:26,18.927,49.3894
2/25/2018 4:27,18.927,49.3894
2/25/2018 4:28,18.927,49.3894
2/25/2018 4:29,18.9163,49.4504
2/25/2018 4:30,18.9163,49.4504
2/25/2018 4:31,18.9163,49.4504
2/25/2018 4:32,18.9056,49.4504
2/25/2018 4:33,18.9056,49.4504
2/25/2018 4:34,18.8948,49.4504
2/25/2018 4:35,18.8948,49.4504
2/25/2018 4:36,18.8948,49.481
2/25/2018 4:37,18.8948,49.481
2/25/2018 4:38,18.8841,49.481
2/25/2018 4:39,18.8841,49.481
2/25/2018 4:40,18.8841,49.481
2/25/2018 4:41,18.8734,49.5115
2/25/2018 4:42,18.8734,49.5115
2/25/2018 4:43,18.8734,49.542
2/25/2018 4:44,18.8734,49.542
2/25/2018 4:45,18.8627,49.542
2/25/2018 4:46,18.8627,49.5115
2/25/2018 4:47,18.8627,49.542
2/25/2018 4:48,18.8519,49.5725
2/25/2018 4:49,18.8519,49.5725
2/25/2018 4:50,18.8519,49.5725
2/25/2018 4:51,18.8519,49.5725
2/25/2018 4:52,18.8519,49.5725
2/25/2018 4:53,18.8412,49.5725
2/25/2018 4:54,18.8412,49.603
2/25/2018 4:55,18.8305,49.603
2/25/2018 4:56,18.8305,49.6335
2/25/2018 4:57,18.8305,49.6335
2/25/2018 4:58,18.8305,49.6335
2/25/2018 4:59,18.8198,49.6335
2/25/2018 5:00,18.8198,49.6335
2/25/2018 5:01,18.8198,49.6335
2/25/2018 5:02,18.809,49.6335
2/25/2018 5:03,18.809,49.6335
2/25/2018 5:04,18.809,49.6641
2/25/2018 5:05,18.809,49.6641
2/25/2018 5:06,18.809,49.6335
2/25/2018 5:07,18.7876,49.6335
2/25/2018 5:08,18.7876,49.603
2/25/2018 5:09,18.7876,49.603
2/25/2018 5:10,18.7876,49.5725
2/25/2018 5:11,18.7876,49.5725
2/25/2018 5:12,18.7769,49.542
2/25/2018 5:13,18.7769,49.5115
2/25/2018 5:14,18.7769,49.5115
2/25/2018 5:15,18.7769,49.5115
2/25/2018 5:16,18.7769,49.481
2/25/2018 5:17,18.7661,49.481
2/25/2018 5:18,18.7661,49.4504
2/25/2018 5:19,18.7661,49.4504
2/25/2018 5:20,18.7661,49.4504
2/25/2018 5:21,18.7554,49.4504
2/25/2018 5:22,18.7554,49.4504
2/25/2018 5:23,18.7554,49.4504
2/25/2018 5:24,18.7554,49.4504
2/25/2018 5:25,18.7447,49.4504
2/25/2018 5:26,18.7447,49.481
2/25/2018 5:27,18.7447,49.5115
2/25/2018 5:28,18.7447,49.542
2/25/2018 5:29,18.734,49.5725
2/25/2018 5:30,18.7447,49.6335
2/25/2018 5:31,18.734,49.6641
2/25/2018 5:32,18.734,49.7251
2/25/2018 5:33,18.734,49.7861
2/25/2018 5:34,18.734,49.8167
2/25/2018 5:35,18.7232,49.8777
2/25/2018 5:36,18.7232,49.9082
2/25/2018 5:37,18.7232,49.9387
2/25/2018 5:38,18.7232,49.9692
2/25/2018 5:39,18.7125,50.0303
2/25/2018 5:40,18.7125,50.0608
2/25/2018 5:41,18.7125,50.0913
2/25/2018 5:42,18.7125,50.0913
2/25/2018 5:43,18.7125,50.0913
2/25/2018 5:44,18.7018,50.1218
2/25/2018 5:45,18.7018,50.1523
2/25/2018 5:46,18.7018,50.1523
2/25/2018 5:47,18.6803,50.1523
2/25/2018 5:48,18.6803,50.1829
2/25/2018 5:49,18.6803,50.1829
2/25/2018 5:50,18.6803,50.2134
2/25/2018 5:51,18.6803,50.2134
2/25/2018 5:52,18.6696,50.2439
2/25/2018 5:53,18.6696,50.2439
2/25/2018 5:54,18.6589,50.2439
2/25/2018 5:55,18.6589,50.2744
2/25/2018 5:56,18.6589,50.2744
2/25/2018 5:57,18.6589,50.3049
2/25/2018 5:58,18.6482,50.3049
2/25/2018 5:59,18.6482,50.3354
2/25/2018 6:00,18.6482,50.3354
2/25/2018 6:01,18.6374,50.3354
2/25/2018 6:02,18.6374,50.3354
2/25/2018 6:03,18.6374,50.3049
2/25/2018 6:04,18.6374,50.2439
2/25/2018 6:05,18.6267,50.2134
2/25/2018 6:06,18.6267,50.1829
2/25/2018 6:07,18.616,50.1523
2/25/2018 6:08,18.616,50.1218
2/25/2018 6:09,18.6053,50.1218
2/25/2018 6:10,18.6053,50.1218
2/25/2018 6:11,18.6053,50.1218
2/25/2018 6:12,18.5945,50.1218
2/25/2018 6:13,18.5945,50.0913
2/25/2018 6:14,18.5945,50.0303
2/25/2018 6:15,18.5838,49.9998
2/25/2018 6:16,18.5838,49.9998
2/25/2018 6:17,18.5838,49.9998
2/25/2018 6:18,18.5731,49.9998
2/25/2018 6:19,18.5731,49.9998
2/25/2018 6:20,18.5731,49.9692
2/25/2018 6:21,18.5731,49.9387
2/25/2018 6:22,18.5731,49.9387
2/25/2018 6:23,18.5731,49.8777
2/25/2018 6:24,18.5731,49.8167
2/25/2018 6:25,18.5731,49.7556
2/25/2018 6:26,18.5624,49.6946
2/25/2018 6:27,18.5624,49.6946
2/25/2018 6:28,18.5731,49.6641
2/25/2018 6:29,18.5731,49.6641
2/25/2018 6:30,18.5624,49.6641
2/25/2018 6:31,18.5731,49.6641
2/25/2018 6:32,18.5731,49.6335
2/25/2018 6:33,18.5731,49.6335
2/25/2018 6:34,18.5731,49.6335
2/25/2018 6:35,18.5838,49.6641
2/25/2018 6:36,18.5945,49.6641
2/25/2018 6:37,18.6053,49.6641
2/25/2018 6:38,18.6053,49.6641
2/25/2018 6:39,18.616,49.6335
2/25/2018 6:40,18.6374,49.6335
2/25/2018 6:41,18.6374,49.6335
2/25/2018 6:42,18.6482,49.6335
2/25/2018 6:43,18.6589,49.6335
2/25/2018 6:44,18.6696,49.6335
2/25/2018 6:45,18.6803,49.7251
2/25/2018 6:46,18.7125,49.8167
2/25/2018 6:47,18.7447,49.8472
2/25/2018 6:48,18.8198,50.8237
2/25/2018 6:49,18.8412,50.5491
2/25/2018 6:50,18.8519,50.366
2/25/2018 6:51,18.8519,50.2439
2/25/2018 6:52,18.8627,50.1523
2/25/2018 6:53,18.8627,49.9692
2/25/2018 6:54,18.8627,49.7861
2/25/2018 6:55,18.8519,49.5725
2/25/2018 6:56,18.8519,49.4199
2/25/2018 6:57,18.8519,49.2368
2/25/2018 6:58,18.8734,50.7932
2/25/2018 6:59,18.8519,50.7627
2/25/2018 7:00,18.8198,50.9153
2/25/2018 7:01,18.7661,50.0303
2/25/2018 7:02,18.6267,48.1687
2/25/2018 7:03,18.4444,46.7344
2/25/2018 7:04,18.1977,45.5747
2/25/2018 7:05,17.9296,45.6357
2/25/2018 7:06,17.7044,45.7883
2/25/2018 7:07,17.5113,45.9409
2/25/2018 7:08,17.329,46.0325
2/25/2018 7:09,17.1681,46.124
2/25/2018 7:10,17.0287,46.2156
2/25/2018 7:11,16.8571,46.0325
2/25/2018 7:12,16.7069,46.002
2/25/2018 7:13,16.5675,46.1545
2/25/2018 7:14,16.4388,46.2766
2/25/2018 7:15,16.3101,46.0325
2/25/2018 7:16,16.1921,46.1545
2/25/2018 7:17,16.0741,46.4292
2/25/2018 7:18,16.0205,44.0793
2/25/2018 7:19,15.6022,42.7976
2/25/2018 7:20,15.3341,43.8657
2/25/2018 7:21,15.1947,44.6287
2/25/2018 7:22,15.1196,45.239
2/25/2018 7:23,15.0231,45.7883
2/25/2018 7:24,14.9373,46.1851
2/25/2018 7:25,14.8622,46.4292
2/25/2018 7:26,14.8086,46.6733
2/25/2018 7:27,14.7335,46.8259
2/25/2018 7:28,14.6799,47.009
2/25/2018 7:29,14.6477,47.1006
2/25/2018 7:30,14.6155,47.2532
2/25/2018 7:31,14.5834,47.3447
2/25/2018 7:32,14.5297,43.3164
2/25/2018 7:33,14.401,42.9197
2/25/2018 7:34,14.2723,44.6287
2/25/2018 7:35,14.2509,46.1545
2/25/2018 7:36,14.3045,47.1311
2/25/2018 7:37,14.4439,48.9622
2/25/2018 7:38,14.6048,49.6946
2/25/2018 7:39,14.7335,49.4504
2/25/2018 7:40,14.948,49.3589
2/25/2018 7:41,15.1196,49.2673
2/25/2018 7:42,15.2483,49.3589
2/25/2018 7:43,15.3663,49.0537
2/25/2018 7:44,15.4843,48.8401
2/25/2018 7:45,15.5808,48.657
2/25/2018 7:46,15.6988,48.5349
2/25/2018 7:47,15.7953,48.4434
2/25/2018 7:48,15.8811,48.3213
2/25/2018 7:49,15.9776,48.2603
2/25/2018 7:50,16.0527,48.1687
2/25/2018 7:51,16.1492,48.0466
2/25/2018 7:52,16.2243,47.9856
2/25/2018 7:53,16.2994,47.894
2/25/2018 7:54,16.3637,47.8025
2/25/2018 7:55,16.4281,47.7415
2/25/2018 7:56,16.5139,47.4363
2/25/2018 7:57,16.5782,47.4363
2/25/2018 7:58,16.6533,47.4363
2/25/2018 7:59,16.7177,47.4363
2/25/2018 8:00,16.782,47.3447
2/25/2018 8:01,16.8356,47.2837
2/25/2018 8:02,16.8893,47.2227
2/25/2018 8:03,16.9643,47.1921
2/25/2018 8:04,17.0287,47.1006
2/25/2018 8:05,17.0394,47.009
2/25/2018 8:06,17.093,46.9785
2/25/2018 8:07,17.1359,46.887
2/25/2018 8:08,17.1788,46.7954
2/25/2018 8:09,17.211,46.7344
2/25/2018 8:10,17.2646,46.6733
2/25/2018 8:11,17.3075,46.7649
2/25/2018 8:12,17.3397,45.8494
2/25/2018 8:13,17.3826,46.2156
2/25/2018 8:14,17.4684,46.9785
2/25/2018 8:15,17.6186,47.5889
2/25/2018 8:16,17.7365,46.3987
2/25/2018 8:17,17.8438,45.7883
2/25/2018 8:18,17.8974,45.2695
2/25/2018 8:19,17.9403,44.9338
2/25/2018 8:20,17.9725,44.6592
2/25/2018 8:21,17.9832,44.5066
2/25/2018 8:22,18.0154,44.415
2/25/2018 8:23,18.0368,44.2625
2/25/2018 8:24,18.0583,44.1709
2/25/2018 8:25,18.0797,44.0488
2/25/2018 8:26,18.0905,44.0183
2/25/2018 8:27,18.1119,43.9573
2/25/2018 8:28,18.1226,43.9573
2/25/2018 8:29,18.1334,43.9573
2/25/2018 8:30,18.1441,43.9268
2/25/2018 8:31,18.1441,43.9878
2/25/2018 8:32,18.1548,43.9878
2/25/2018 8:33,18.1548,43.9878
2/25/2018 8:34,18.1763,44.0183
2/25/2018 8:35,18.1763,44.0488
2/25/2018 8:36,18.187,44.0488
2/25/2018 8:37,18.1977,44.0793
2/25/2018 8:38,18.2084,44.354
2/25/2018 8:39,18.2728,44.8423
2/25/2018 8:40,18.2942,44.415
2/25/2018 8:41,18.2299,42.3093
2/25/2018 8:42,17.9832,40.051
2/25/2018 8:43,17.6615,38.9219
2/25/2018 8:44,17.3612,38.1284
2/25/2018 8:45,17.0823,37.7927
2/25/2018 8:46,16.8035,38.0674
2/25/2018 8:47,16.5782,38.6472
2/25/2018 8:48,16.3745,39.0439
2/25/2018 8:49,16.2779,40.5393
2/25/2018 8:50,16.2458,40.7529
2/25/2018 8:51,16.1814,41.3022
2/25/2018 8:52,16.0849,41.5464
2/25/2018 8:53,16.0098,41.821
2/25/2018 8:54,15.9454,42.2788
2/25/2018 8:55,15.9133,42.584
2/25/2018 8:56,15.8811,42.5535
2/25/2018 8:57,15.8382,42.5535
2/25/2018 8:58,15.806,42.7366
2/25/2018 8:59,15.7953,43.0112
2/25/2018 9:00,15.7846,43.2249
2/25/2018 9:01,15.7953,43.4385
2/25/2018 9:02,15.8167,43.6521
2/25/2018 9:03,15.8275,43.8047
2/25/2018 9:04,15.8596,43.9268
2/25/2018 9:05,15.8811,43.9268
2/25/2018 9:06,15.9133,43.9878
2/25/2018 9:07,15.9454,44.1099
2/25/2018 9:08,15.9776,44.2625
2/25/2018 9:09,16.0312,44.3845
2/25/2018 9:10,16.0741,44.4761
2/25/2018 9:11,16.1492,44.5371
2/25/2018 9:12,16.2028,44.5981
2/25/2018 9:13,16.2672,44.5676
2/25/2018 9:14,16.2994,44.5066
2/25/2018 9:15,16.353,44.5371
2/25/2018 9:16,16.3959,44.4456
2/25/2018 9:17,16.4388,44.415
2/25/2018 9:18,16.4924,44.4456
2/25/2018 9:19,16.5568,44.5676
2/25/2018 9:20,16.6211,44.7202
2/25/2018 9:21,16.6748,44.7202
2/25/2018 9:22,16.7391,44.7507
2/25/2018 9:23,16.7927,44.6897
2/25/2018 9:24,16.8464,44.6897
2/25/2018 9:25,16.9,44.6592
2/25/2018 9:26,16.9751,44.6287
2/25/2018 9:27,17.0287,44.5676
2/25/2018 9:28,17.0609,44.6592
2/25/2018 9:29,17.1252,44.6897
2/25/2018 9:30,17.1788,44.6897
2/25/2018 9:31,17.2432,44.7507
2/25/2018 9:32,17.2968,44.9033
2/25/2018 9:33,17.3612,45.0254
2/25/2018 9:34,17.4255,45.0864
2/25/2018 9:35,17.5006,45.0864
2/25/2018 9:36,17.5757,45.5747
2/25/2018 9:37,17.6293,45.6052
2/25/2018 9:38,17.6936,45.4832
2/25/2018 9:39,17.7473,45.3611
2/25/2018 9:40,17.8116,45.2085
2/25/2018 9:41,17.8652,45.0559
2/25/2018 9:42,17.9189,44.8728
2/25/2018 9:43,17.9725,44.6897
2/25/2018 9:44,17.9832,44.5981
2/25/2018 9:45,18.0368,44.4761
2/25/2018 9:46,18.0797,44.354
2/25/2018 9:47,18.1334,44.2319
2/25/2018 9:48,18.1655,44.1709
2/25/2018 9:49,18.1977,44.1099
2/25/2018 9:50,18.2406,44.0793
2/25/2018 9:51,18.2942,44.1099
2/25/2018 9:52,18.3371,44.1099
2/25/2018 9:53,18.3693,44.0793
2/25/2018 9:54,18.4122,44.0793
2/25/2018 9:55,18.4551,44.0183
2/25/2018 9:56,18.4873,43.9573
2/25/2018 9:57,18.5624,44.0183
2/25/2018 9:58,18.616,44.0488
2/25/2018 9:59,18.6803,44.1099
2/25/2018 10:00,18.7554,44.1099
2/25/2018 10:01,18.8412,44.8118
2/25/2018 10:02,19.0236,46.1545
2/25/2018 10:03,19.2488,47.0396
2/25/2018 10:04,19.3989,44.6897
2/25/2018 10:05,19.3346,40.051
2/25/2018 10:06,19.1844,37.7317
2/25/2018 10:07,18.9914,36.3279
2/25/2018 10:08,18.809,35.5649
2/25/2018 10:09,18.6053,35.9617
2/25/2018 10:10,18.4551,36.6025
2/25/2018 10:11,18.3264,37.9148
2/25/2018 10:12,18.3157,39.6848
2/25/2018 10:13,18.3371,41.0276
2/25/2018 10:14,18.3693,41.6074
2/25/2018 10:15,18.4337,42.5229
2/25/2018 10:16,18.5195,43.1333
2/25/2018 10:17,18.6374,43.8352
2/25/2018 10:18,18.7876,43.8962
2/25/2018 10:19,18.927,42.6755
2/25/2018 10:20,19.0772,43.8657
2/25/2018 10:21,19.2059,42.7061
2/25/2018 10:22,19.356,43.3774
2/25/2018 10:23,19.5384,44.0183
2/25/2018 10:24,19.7421,43.9878
2/25/2018 10:25,19.9245,43.7131
2/25/2018 10:26,20.1068,43.8047
2/25/2018 10:27,20.3964,42.584
2/25/2018 10:28,20.8468,43.3469
2/25/2018 10:29,21.2973,43.53
2/25/2018 10:30,21.5976,42.8892
2/25/2018 10:31,21.619,41.1191
2/25/2018 10:32,21.5868,40.051
2/25/2018 10:33,21.5547,39.3491
2/25/2018 10:34,21.5118,38.9219
2/25/2018 10:35,21.4689,38.6777
2/25/2018 10:36,21.4367,38.5557
2/25/2018 10:37,21.4045,38.4336
2/25/2018 10:38,21.3509,38.4031
2/25/2018 10:39,21.3187,38.342
2/25/2018 10:40,21.2758,38.342
2/25/2018 10:41,21.2436,38.342
2/25/2018 10:42,21.2115,38.3115
2/25/2018 10:43,21.2436,39.1355
2/25/2018 10:44,21.3831,39.8374
2/25/2018 10:45,21.5332,40.2952
2/25/2018 10:46,21.6941,40.5393
2/25/2018 10:47,21.8764,40.8445
2/25/2018 10:48,22.048,41.0276
2/25/2018 10:49,22.2196,41.0276
2/25/2018 10:50,22.3376,40.9971
2/25/2018 10:51,22.4878,41.1497
2/25/2018 10:52,22.6165,40.5088
2/25/2018 10:53,22.6594,40.051
2/25/2018 10:54,22.4556,37.5791
2/25/2018 10:55,21.9515,33.3066
2/25/2018 10:56,21.1471,32.0554
2/25/2018 10:57,20.4178,32.2385
2/25/2018 10:58,19.9137,32.7878
2/25/2018 10:59,19.4955,33.2761
2/25/2018 11:00,19.163,33.6729
2/25/2018 11:01,18.8627,33.978
2/25/2018 11:02,18.5731,34.3748
2/25/2018 11:03,18.5516,36.2974
2/25/2018 11:04,18.6803,37.4875
2/25/2018 11:05,18.7125,36.6331
2/25/2018 11:06,18.6482,37.2129
2/25/2018 11:07,18.5945,36.9077
2/25/2018 11:08,18.5516,37.0298
2/25/2018 11:09,18.5624,37.335
2/25/2018 11:10,18.5838,37.4875
2/25/2018 11:11,18.5945,37.2739
2/25/2018 11:12,18.5516,36.8162
2/25/2018 11:13,18.4551,36.6025
2/25/2018 11:14,18.3908,36.5415
2/25/2018 11:15,18.305,36.4805
2/25/2018 11:16,18.2299,36.4805
2/25/2018 11:17,18.1548,36.4805
2/25/2018 11:18,18.1548,37.3655
2/25/2018 11:19,18.2299,37.7622
2/25/2018 11:20,18.2942,37.7622
2/25/2018 11:21,18.3264,37.7927
2/25/2018 11:22,18.3693,37.8843
2/25/2018 11:23,18.4015,37.9148
2/25/2018 11:24,18.4444,37.9758
2/25/2018 11:25,18.4873,38.0369
2/25/2018 11:26,18.5409,38.0979
2/25/2018 11:27,18.5838,38.1284
2/25/2018 11:28,18.6374,38.1589
2/25/2018 11:29,18.7018,38.1895
2/25/2018 11:30,18.7554,38.2505
2/25/2018 11:31,18.8305,38.2505
2/25/2018 11:32,18.8734,38.281
2/25/2018 11:33,18.9377,38.281
2/25/2018 11:34,18.9806,38.281
2/25/2018 11:35,19.045,38.342
2/25/2018 11:36,19.0986,38.3726
2/25/2018 11:37,19.163,38.3726
2/25/2018 11:38,19.2166,38.3726
2/25/2018 11:39,19.2595,38.3726
2/25/2018 11:40,19.3131,38.3115
2/25/2018 11:41,19.356,38.2505
2/25/2018 11:42,19.3989,38.22
2/25/2018 11:43,19.4204,38.1589
2/25/2018 11:44,19.4418,38.0979
2/25/2018 11:45,19.474,38.0369
2/25/2018 11:46,19.4847,38.0063
2/25/2018 11:47,19.5062,37.9453
2/25/2018 11:48,19.5169,37.8843
2/25/2018 11:49,19.5276,37.8538
2/25/2018 11:50,19.5276,37.8232
2/25/2018 11:51,19.5384,37.7622
2/25/2018 11:52,19.5491,37.7317
2/25/2018 11:53,19.5491,37.7317
2/25/2018 11:54,19.5491,37.7012
2/25/2018 11:55,19.5598,37.7012
2/25/2018 11:56,19.5598,37.7012
2/25/2018 11:57,19.5598,37.7012
2/25/2018 11:58,19.5705,37.7012
2/25/2018 11:59,19.5705,37.6707
2/25/2018 12:00,19.592,37.6707
2/25/2018 12:01,19.592,37.6401
2/25/2018 12:02,19.6027,37.6401
2/25/2018 12:03,19.6027,37.6096
2/25/2018 12:04,19.6134,37.5486
2/25/2018 12:05,19.6134,37.5486
2/25/2018 12:06,19.6134,37.5486
2/25/2018 12:07,19.6134,37.5181
2/25/2018 12:08,19.6134,37.5181
2/25/2018 12:09,19.6242,37.5181
2/25/2018 12:10,19.6242,37.5181
2/25/2018 12:11,19.6242,37.5181
2/25/2018 12:12,19.6456,37.5181
2/25/2018 12:13,19.6456,37.5486
2/25/2018 12:14,19.6778,37.5486
2/25/2018 12:15,19.6885,37.5486
2/25/2018 12:16,19.6992,37.6096
2/25/2018 12:17,19.7207,37.6401
2/25/2018 12:18,19.7529,37.6401
2/25/2018 12:19,19.7743,37.6401
2/25/2018 12:20,19.8065,37.6707
2/25/2018 12:21,19.8279,37.6707
2/25/2018 12:22,19.8601,37.7012
2/25/2018 12:23,19.8816,37.7012
2/25/2018 12:24,19.9137,37.7317
2/25/2018 12:25,19.9566,37.7317
2/25/2018 12:26,19.9888,37.7317
2/25/2018 12:27,20.021,37.7317
2/25/2018 12:28,20.0746,37.7317
2/25/2018 12:29,20.1175,37.7317
2/25/2018 12:30,20.1497,37.7622
2/25/2018 12:31,20.1926,37.7622
2/25/2018 12:32,20.2355,37.7622
2/25/2018 12:33,20.2784,37.7927
2/25/2018 12:34,20.3106,37.7622
2/25/2018 12:35,20.3749,37.7622
2/25/2018 12:36,20.4178,37.7622
2/25/2018 12:37,20.45,37.7622
2/25/2018 12:38,20.5036,37.7317
2/25/2018 12:39,20.5465,37.7317
2/25/2018 12:40,20.5894,37.7012
2/25/2018 12:41,20.6216,37.6707
2/25/2018 12:42,20.6538,37.6707
2/25/2018 12:43,20.6859,37.6401
2/25/2018 12:44,20.7181,37.6401
2/25/2018 12:45,20.761,37.6401
2/25/2018 12:46,20.8254,37.9453
2/25/2018 12:47,20.8254,37.8232
2/25/2018 12:48,20.8468,37.4265
2/25/2018 12:49,20.8254,36.8162
2/25/2018 12:50,20.7717,37.0603
2/25/2018 12:51,20.8254,37.8538
2/25/2018 12:52,20.9755,38.4336
2/25/2018 12:53,21.1578,38.7693
2/25/2018 12:54,21.3831,39.3491
2/25/2018 12:55,21.5976,39.2576
2/25/2018 12:56,21.8121,39.4712
2/25/2018 12:57,21.9515,38.7693
2/25/2018 12:58,21.9622,38.281
2/25/2018 12:59,22.0051,38.0063
2/25/2018 13:00,22.048,37.8843
2/25/2018 13:01,22.0588,36.6941
2/25/2018 13:02,21.7799,34.2527
2/25/2018 13:03,21.619,34.6494
2/25/2018 13:04,21.5654,35.748
2/25/2018 13:05,21.5761,36.3889
2/25/2018 13:06,21.5761,36.2668
2/25/2018 13:07,21.5976,36.7246
2/25/2018 13:08,21.6941,37.7927
2/25/2018 13:09,21.8335,38.1589
2/25/2018 13:10,21.9622,37.8843
2/25/2018 13:11,22.0266,37.2739
2/25/2018 13:12,22.1017,37.0298
2/25/2018 13:13,22.166,36.6331
2/25/2018 13:14,22.2411,36.511
2/25/2018 13:15,22.3054,36.0532
2/25/2018 13:16,22.3912,35.9922
2/25/2018 13:17,22.4556,35.8396
2/25/2018 13:18,22.5199,35.687
2/25/2018 13:19,22.5843,35.5955
2/25/2018 13:20,22.6594,35.0767
2/25/2018 13:21,22.7237,35.0767
2/25/2018 13:22,22.8417,35.2292
2/25/2018 13:23,22.9704,35.748
2/25/2018 13:24,23.2171,35.5649
2/25/2018 13:25,23.3672,35.1072
2/25/2018 13:26,23.3243,34.1001
2/25/2018 13:27,23.2278,33.3982
2/25/2018 13:28,23.0884,32.8489
2/25/2018 13:29,22.9597,32.4216
2/25/2018 13:30,22.8095,32.0859
2/25/2018 13:31,22.7452,33.4287
2/25/2018 13:32,22.9168,34.6799
2/25/2018 13:33,23.1634,35.3208
2/25/2018 13:34,23.2492,34.5579
2/25/2018 13:35,23.2385,33.8254
2/25/2018 13:36,23.1849,32.9709
2/25/2018 13:37,23.0776,32.269
2/25/2018 13:38,22.9811,32.0249
2/25/2018 13:39,22.8953,31.9333
2/25/2018 13:40,22.831,31.7808
2/25/2018 13:41,22.7452,31.7808
2/25/2018 13:42,22.6486,31.4146
2/25/2018 13:43,22.1982,27.8745
2/25/2018 13:44,21.4903,27.1726
2/25/2018 13:45,20.9755,27.3557
2/25/2018 13:46,20.6216,27.8135
2/25/2018 13:47,20.2998,28.1797
2/25/2018 13:48,20.0103,28.4543
2/25/2018 13:49,19.7421,28.668
2/25/2018 13:50,19.4633,30.1938
2/25/2018 13:51,19.3882,29.9802
2/25/2018 13:52,19.3024,30.2549
2/25/2018 13:53,19.2273,30.7432
2/25/2018 13:54,19.2059,31.4146
2/25/2018 13:55,19.1952,31.5061
2/25/2018 13:56,19.1737,31.4451
2/25/2018 13:57,19.1952,31.8113
2/25/2018 13:58,19.2059,31.8418
2/25/2018 13:59,19.2381,31.8723
2/25/2018 14:00,19.281,31.9028
2/25/2018 14:01,19.3131,31.7502
2/25/2018 14:02,19.3668,32.0554
2/25/2018 14:03,19.4418,32.5132
2/25/2018 14:04,19.5169,32.3911
2/25/2018 14:05,19.592,31.9639
2/25/2018 14:06,19.6456,31.9639
2/25/2018 14:07,19.7207,32.2385
2/25/2018 14:08,19.8172,32.5437
2/25/2018 14:09,19.9245,32.8794
2/25/2018 14:10,20.021,32.7878
2/25/2018 14:11,20.139,32.7573
2/25/2018 14:12,20.2355,32.8794
2/25/2018 14:13,20.3535,32.7573
2/25/2018 14:14,20.4607,32.4827
2/25/2018 14:15,20.568,32.3301
2/25/2018 14:16,20.6538,32.2385
2/25/2018 14:17,20.7288,31.9639
2/25/2018 14:18,20.8254,31.9944
2/25/2018 14:19,20.8254,31.9639
2/25/2018 14:20,20.879,31.8418
2/25/2018 14:21,20.9541,31.8418
2/25/2018 14:22,21.0077,31.9028
2/25/2018 14:23,21.0506,31.4756
2/25/2018 14:24,21.0613,31.2009
2/25/2018 14:25,21.0613,31.2009
2/25/2018 14:26,21.072,31.4451
2/25/2018 14:27,21.0935,31.4451
2/25/2018 14:28,21.0935,31.4451
2/25/2018 14:29,21.0828,30.9568
2/25/2018 14:30,21.072,31.0178
2/25/2018 14:31,21.0613,30.9568
2/25/2018 14:32,21.0613,30.9263
2/25/2018 14:33,21.0399,30.7432
2/25/2018 14:34,21.0399,31.2009
2/25/2018 14:35,21.0613,30.0107
2/25/2018 14:36,21.0184,30.499
2/25/2018 14:37,21.0828,30.2549
2/25/2018 14:38,20.7074,27.2336
2/25/2018 14:39,20.4071,27.8745
2/25/2018 14:40,20.332,28.4238
2/25/2018 14:41,19.71,24.7007
2/25/2018 14:42,18.9806,25.3721
2/25/2018 14:43,18.6267,26.4402
2/25/2018 14:44,18.4444,27.2947
2/25/2018 14:45,18.305,27.8745
2/25/2018 14:46,18.1548,28.0271
2/25/2018 14:47,17.9832,28.2407
2/25/2018 14:48,17.8867,28.79
2/25/2018 14:49,17.8331,28.6985
2/25/2018 14:50,17.8116,29.4919
2/25/2018 14:51,17.8116,29.9192
2/25/2018 14:52,17.8116,29.8276
2/25/2018 14:53,17.7902,29.7971
2/25/2018 14:54,17.7687,29.8887
2/25/2018 14:55,17.7687,30.1023
2/25/2018 14:56,17.7902,30.2549
2/25/2018 14:57,17.8331,30.3159
2/25/2018 14:58,17.8652,30.3464
2/25/2018 14:59,17.9081,30.4685
2/25/2018 15:00,17.9725,30.6211
2/25/2018 15:01,17.9939,30.8042
2/25/2018 15:02,18.0797,30.9568
2/25/2018 15:03,18.1763,31.0789
2/25/2018 15:04,18.2728,31.2009
2/25/2018 15:05,18.3586,31.2925
2/25/2018 15:06,18.4551,31.4146
2/25/2018 15:07,18.5516,31.5061
2/25/2018 15:08,18.6589,31.5366
2/25/2018 15:09,18.7661,31.6282
2/25/2018 15:10,18.8841,31.7197
2/25/2018 15:11,18.9806,31.7502
2/25/2018 15:12,19.0986,31.8113
2/25/2018 15:13,19.2166,31.8723
2/25/2018 15:14,19.3239,31.9028
2/25/2018 15:15,19.4204,31.9333
2/25/2018 15:16,19.5276,31.9639
2/25/2018 15:17,19.6456,32.0249
2/25/2018 15:18,19.7529,32.0249
2/25/2018 15:19,19.8494,32.0249
2/25/2018 15:20,19.9459,32.0554
2/25/2018 15:21,20.0639,32.1165
2/25/2018 15:22,20.1604,32.147
2/25/2018 15:23,20.2569,32.1775
2/25/2018 15:24,20.3427,32.2385
2/25/2018 15:25,20.45,32.2385
2/25/2018 15:26,20.5572,32.2385
2/25/2018 15:27,20.6538,32.269
2/25/2018 15:28,20.7503,32.269
2/25/2018 15:29,20.8254,32.2385
2/25/2018 15:30,20.8468,32.2385
2/25/2018 15:31,20.9755,32.208
2/25/2018 15:32,21.0613,32.2385
2/25/2018 15:33,21.1364,32.2385
2/25/2018 15:34,21.2007,32.2385
2/25/2018 15:35,21.2758,32.2385
2/25/2018 15:36,21.3509,32.208
2/25/2018 15:37,21.426,32.208
2/25/2018 15:38,21.4903,32.208
2/25/2018 15:39,21.5547,32.2385
2/25/2018 15:40,21.619,32.2385
2/25/2018 15:41,21.6726,32.208
2/25/2018 15:42,21.737,32.208
2/25/2018 15:43,21.7906,32.208
2/25/2018 15:44,21.855,32.208
2/25/2018 15:45,21.9086,32.2385
2/25/2018 15:46,21.9622,32.2385
2/25/2018 15:47,22.0051,32.2385
2/25/2018 15:48,22.0588,32.208
2/25/2018 15:49,22.1017,32.208
2/25/2018 15:50,22.1446,32.208
2/25/2018 15:51,22.1982,32.208
2/25/2018 15:52,22.2411,32.208
2/25/2018 15:53,22.284,32.208
2/25/2018 15:54,22.3269,32.208
2/25/2018 15:55,22.3591,32.208
2/25/2018 15:56,22.402,32.208
2/25/2018 15:57,22.4449,32.208
2/25/2018 15:58,22.477,32.1775
2/25/2018 15:59,22.5092,32.1775
2/25/2018 16:00,22.5414,32.1775
2/25/2018 16:01,22.5736,32.1775
2/25/2018 16:02,22.6165,32.147
2/25/2018 16:03,22.6486,32.147
2/25/2018 16:04,22.6808,32.147
2/25/2018 16:05,22.713,32.147
2/25/2018 16:06,22.713,32.147
2/25/2018 16:07,22.7559,32.1775
2/25/2018 16:08,22.7881,32.147
2/25/2018 16:09,22.8095,32.147
2/25/2018 16:10,22.831,32.147
2/25/2018 16:11,22.8524,32.147
2/25/2018 16:12,22.8739,32.0859
2/25/2018 16:13,22.906,32.0859
2/25/2018 16:14,22.9168,32.0859
2/25/2018 16:15,22.9489,32.1165
2/25/2018 16:16,22.9597,32.1165
2/25/2018 16:17,22.9918,32.147
2/25/2018 16:18,23.0026,32.147
2/25/2018 16:19,23.0347,32.0859
2/25/2018 16:20,23.0455,31.8723
2/25/2018 16:21,23.0347,31.4756
2/25/2018 16:22,23.0026,31.2009
2/25/2018 16:23,22.9704,31.0178
2/25/2018 16:24,22.9382,30.9873
2/25/2018 16:25,22.8953,31.0789
2/25/2018 16:26,22.8739,31.1704
2/25/2018 16:27,22.8524,31.2925
2/25/2018 16:28,22.8417,31.384
2/25/2018 16:29,22.8202,31.5061
2/25/2018 16:30,22.8095,31.5671
2/25/2018 16:31,22.8095,31.6282
2/25/2018 16:32,22.7988,31.6892
2/25/2018 16:33,22.7988,31.7502
2/25/2018 16:34,22.7988,31.7808
2/25/2018 16:35,22.7881,31.7808
2/25/2018 16:36,22.7881,31.8113
2/25/2018 16:37,22.7881,31.8723
2/25/2018 16:38,22.7988,31.8723
2/25/2018 16:39,22.7988,31.8723
2/25/2018 16:40,22.8095,31.8723
2/25/2018 16:41,22.8095,31.9028
2/25/2018 16:42,22.8095,31.9028
2/25/2018 16:43,22.8202,31.9028
2/25/2018 16:44,22.8202,31.9028
2/25/2018 16:45,22.831,31.9333
2/25/2018 16:46,22.8417,31.9333
2/25/2018 16:47,22.8417,31.9333
2/25/2018 16:48,22.8524,31.9333
2/25/2018 16:49,22.8631,32.0249
2/25/2018 16:50,22.8739,32.0554
2/25/2018 16:51,22.8953,32.0554
2/25/2018 16:52,22.8953,32.0554
2/25/2018 16:53,22.9168,32.0554
2/25/2018 16:54,22.9275,32.0249
2/25/2018 16:55,22.9382,32.0249
2/25/2018 16:56,22.9382,31.9944
2/25/2018 16:57,22.9597,31.9944
2/25/2018 16:58,22.9597,31.9639
2/25/2018 16:59,22.9704,31.9639
2/25/2018 17:00,22.9704,31.9639
2/25/2018 17:01,22.9811,31.9639
2/25/2018 17:02,22.9918,31.9639
2/25/2018 17:03,22.9918,31.9639
2/25/2018 17:04,22.9918,31.9639
2/25/2018 17:05,23.0026,31.9639
2/25/2018 17:06,23.0026,31.9639
2/25/2018 17:07,23.0133,31.9639
2/25/2018 17:08,23.024,31.9028
2/25/2018 17:09,23.024,31.9028
2/25/2018 17:10,23.0347,31.9028
2/25/2018 17:11,23.0347,31.9028
2/25/2018 17:12,23.0455,31.9028
2/25/2018 17:13,23.0455,31.9028
2/25/2018 17:14,23.0455,31.9028
2/25/2018 17:15,23.0669,31.9028
2/25/2018 17:16,23.0669,31.9028
2/25/2018 17:17,23.0776,31.9639
2/25/2018 17:18,23.0884,31.9639
2/25/2018 17:19,23.0884,31.9639
2/25/2018 17:20,23.0884,31.9639
2/25/2018 17:21,23.0991,31.9639
2/25/2018 17:22,23.1098,31.9639
2/25/2018 17:23,23.1098,31.9639
2/25/2018 17:24,23.142,31.9639
2/25/2018 17:25,23.1527,31.9639
2/25/2018 17:26,23.1527,31.9639
2/25/2018 17:27,23.1634,31.9333
2/25/2018 17:28,23.1634,31.9333
2/25/2018 17:29,23.1742,31.9333
2/25/2018 17:30,23.1849,31.9333
2/25/2018 17:31,23.1849,31.9333
2/25/2018 17:32,23.1956,31.9333
2/25/2018 17:33,23.1956,31.9333
2/25/2018 17:34,23.2063,31.9333
2/25/2018 17:35,23.2063,31.9333
2/25/2018 17:36,23.2171,31.9333
2/25/2018 17:37,23.2171,31.9333
2/25/2018 17:38,23.2278,31.9028
2/25/2018 17:39,23.2385,31.9028
2/25/2018 17:40,23.2385,31.9028
2/25/2018 17:41,23.2492,31.9028
2/25/2018 17:42,23.26,31.9028
2/25/2018 17:43,23.26,31.9028
2/25/2018 17:44,23.26,31.9028
2/25/2018 17:45,23.26,31.9028
2/25/2018 17:46,23.2814,31.9028
2/25/2018 17:47,23.2814,31.9028
2/25/2018 17:48,23.2814,31.9028
2/25/2018 17:49,23.2921,31.9028
2/25/2018 17:50,23.2921,31.8418
2/25/2018 17:51,23.3029,31.8418
2/25/2018 17:52,23.3029,31.8723
2/25/2018 17:53,23.3029,31.8723
2/25/2018 17:54,23.3136,31.8418
2/25/2018 17:55,23.3136,31.8418
2/25/2018 17:56,23.3136,31.8418
2/25/2018 17:57,23.3243,31.8418
2/25/2018 17:58,23.3243,31.8418
2/25/2018 17:59,23.3243,31.8418
2/25/2018 18:00,23.335,31.8418
2/25/2018 18:01,23.335,31.8418
2/25/2018 18:02,23.3458,31.8418
2/25/2018 18:03,23.3458,31.7808
2/25/2018 18:04,23.3458,31.7808
2/25/2018 18:05,23.3458,31.7808
2/25/2018 18:06,23.3458,31.7808
2/25/2018 18:07,23.3458,31.7502
2/25/2018 18:08,23.3458,31.7502
2/25/2018 18:09,23.3458,31.7502
2/25/2018 18:10,23.3458,31.7502
2/25/2018 18:11,23.3458,31.7502
2/25/2018 18:12,23.3458,31.7502
2/25/2018 18:13,23.3565,31.7197
2/25/2018 18:14,23.3565,31.7197
2/25/2018 18:15,23.3565,31.7197
2/25/2018 18:16,23.3565,31.7197
2/25/2018 18:17,23.3565,31.6892
2/25/2018 18:18,23.3458,31.6282
2/25/2018 18:19,23.3458,31.5977
2/25/2018 18:20,23.335,31.5977
2/25/2018 18:21,23.3458,31.5977
2/25/2018 18:22,23.335,31.5977
2/25/2018 18:23,23.3243,31.5977
2/25/2018 18:24,23.3243,31.5977
2/25/2018 18:25,23.3243,31.5977
2/25/2018 18:26,23.3243,31.5977
2/25/2018 18:27,23.3136,31.5977
2/25/2018 18:28,23.3136,31.5977
2/25/2018 18:29,23.3136,31.5977
2/25/2018 18:30,23.3029,31.5671
2/25/2018 18:31,23.3029,31.5671
2/25/2018 18:32,23.2921,31.5671
2/25/2018 18:33,23.2921,31.5671
2/25/2018 18:34,23.2921,31.5671
2/25/2018 18:35,23.2921,31.5671
2/25/2018 18:36,23.2814,31.5671
2/25/2018 18:37,23.2814,31.5671
2/25/2018 18:38,23.2814,31.5671
2/25/2018 18:39,23.2814,31.5671
2/25/2018 18:40,23.2814,31.5671
2/25/2018 18:41,23.2814,31.5671
2/25/2018 18:42,23.2707,31.6282
2/25/2018 18:43,23.2814,31.6282
2/25/2018 18:44,23.2814,31.5671
2/25/2018 18:45,23.2814,31.5671
2/25/2018 18:46,23.2814,31.5671
2/25/2018 18:47,23.2814,31.5671
2/25/2018 18:48,23.2814,31.5671
2/25/2018 18:49,23.2814,31.5671
2/25/2018 18:50,23.2814,31.5671
2/25/2018 18:51,23.2814,31.5671
2/25/2018 18:52,23.2814,31.4146
2/25/2018 18:53,23.26,31.2925
2/25/2018 18:54,23.2492,31.262
2/25/2018 18:55,23.2385,31.262
2/25/2018 18:56,23.2278,31.2925
2/25/2018 18:57,23.2171,31.2925
2/25/2018 18:58,23.2063,31.3535
2/25/2018 18:59,23.1956,31.262
2/25/2018 19:00,23.1849,31.384
2/25/2018 19:01,23.1849,31.4146
2/25/2018 19:02,23.1849,31.4146
2/25/2018 19:03,23.1742,31.4146
2/25/2018 19:04,23.1742,31.4756
2/25/2018 19:05,23.1742,31.4756
2/25/2018 19:06,23.1742,31.5061
2/25/2018 19:07,23.1742,31.5061
2/25/2018 19:08,23.1742,31.5061
2/25/2018 19:09,23.1742,31.5061
2/25/2018 19:10,23.1742,31.5061
2/25/2018 19:11,23.1742,31.5061
2/25/2018 19:12,23.1742,31.5061
2/25/2018 19:13,23.1849,31.5061
2/25/2018 19:14,23.1849,31.5061
2/25/2018 19:15,23.1849,31.5061
2/25/2018 19:16,23.1849,31.4756
2/25/2018 19:17,23.1849,31.4756
2/25/2018 19:18,23.1849,31.4756
2/25/2018 19:19,23.1849,31.4146
2/25/2018 19:20,23.1956,31.4146
2/25/2018 19:21,23.1956,31.4146
2/25/2018 19:22,23.1849,31.384
2/25/2018 19:23,23.1956,31.384
2/25/2018 19:24,23.1956,31.384
2/25/2018 19:25,23.1956,31.384
2/25/2018 19:26,23.1956,31.3535
2/25/2018 19:27,23.1956,31.3535
2/25/2018 19:28,23.1956,31.3535
2/25/2018 19:29,23.1956,31.3535
2/25/2018 19:30,23.1956,31.3535
2/25/2018 19:31,23.1956,31.3535
2/25/2018 19:32,23.1956,31.3535
2/25/2018 19:33,23.1956,31.3535
2/25/2018 19:34,23.1956,31.3535
2/25/2018 19:35,23.1956,31.3535
2/25/2018 19:36,23.1956,31.3535
2/25/2018 19:37,23.2063,31.3535
2/25/2018 19:38,23.2063,31.2925
2/25/2018 19:39,23.2171,31.2925
2/25/2018 19:40,23.2171,31.2925
2/25/2018 19:41,23.2171,31.2925
2/25/2018 19:42,23.2171,31.262
2/25/2018 19:43,23.2278,31.262
2/25/2018 19:44,23.2171,31.262
2/25/2018 19:45,23.2278,31.262
2/25/2018 19:46,23.2278,31.2314
2/25/2018 19:47,23.2278,31.2314
2/25/2018 19:48,23.2278,31.2314
2/25/2018 19:49,23.2278,31.2314
2/25/2018 19:50,23.2278,31.1704
2/25/2018 19:51,23.2385,31.1704
2/25/2018 19:52,23.2385,31.1704
2/25/2018 19:53,23.2385,31.1704
2/25/2018 19:54,23.2385,31.1704
2/25/2018 19:55,23.2492,31.1399
2/25/2018 19:56,23.2385,31.1399
2/25/2018 19:57,23.2385,31.1399
2/25/2018 19:58,23.2492,31.1399
2/25/2018 19:59,23.2492,31.1094
2/25/2018 20:00,23.2492,31.1094
2/25/2018 20:01,23.2492,31.1094
2/25/2018 20:02,23.2492,31.1094
2/25/2018 20:03,23.2492,31.0789
2/25/2018 20:04,23.26,31.0789
2/25/2018 20:05,23.26,31.0789
2/25/2018 20:06,23.26,31.0178
2/25/2018 20:07,23.26,31.0178
2/25/2018 20:08,23.26,31.0178
2/25/2018 20:09,23.26,31.0178
2/25/2018 20:10,23.26,30.9873
2/25/2018 20:11,23.26,30.9873
2/25/2018 20:12,23.26,30.9873
2/25/2018 20:13,23.26,30.9873
2/25/2018 20:14,23.26,30.9568
2/25/2018 20:15,23.26,30.9568
2/25/2018 20:16,23.26,30.9568
2/25/2018 20:17,23.26,30.9568
2/25/2018 20:18,23.26,30.9568
2/25/2018 20:19,23.26,30.8958
2/25/2018 20:20,23.26,30.8958
2/25/2018 20:21,23.26,30.8958
2/25/2018 20:22,23.26,30.8652
2/25/2018 20:23,23.26,30.8652
2/25/2018 20:24,23.26,30.8652
2/25/2018 20:25,23.26,30.8652
2/25/2018 20:26,23.26,30.8652
2/25/2018 20:27,23.26,30.8347
2/25/2018 20:28,23.2707,30.8347
2/25/2018 20:29,23.2707,30.8347
2/25/2018 20:30,23.2707,30.8042
2/25/2018 20:31,23.2707,30.8042
2/25/2018 20:32,23.2707,30.8042
2/25/2018 20:33,23.2707,30.8042
2/25/2018 20:34,23.2707,30.8042
2/25/2018 20:35,23.2814,30.8042
2/25/2018 20:36,23.2814,30.8042
2/25/2018 20:37,23.2814,30.8042
2/25/2018 20:38,23.2814,30.8042
2/25/2018 20:39,23.2921,30.8042
2/25/2018 20:40,23.2921,30.8042
2/25/2018 20:41,23.3029,30.8042
2/25/2018 20:42,23.3029,30.8042
2/25/2018 20:43,23.3136,30.7737
2/25/2018 20:44,23.3136,30.7737
2/25/2018 20:45,23.3136,30.7737
2/25/2018 20:46,23.3243,30.7737
2/25/2018 20:47,23.335,30.7737
2/25/2018 20:48,23.335,30.7737
2/25/2018 20:49,23.3458,30.7737
2/25/2018 20:50,23.3565,30.7737
2/25/2018 20:51,23.3565,30.7737
2/25/2018 20:52,23.3672,30.8042
2/25/2018 20:53,23.3887,30.8347
2/25/2018 20:54,23.3994,30.8958
2/25/2018 20:55,23.4208,30.8958
2/25/2018 20:56,23.4423,30.9263
2/25/2018 20:57,23.4637,30.9568
2/25/2018 20:58,23.4745,30.8958
2/25/2018 20:59,23.5066,30.8958
2/25/2018 21:00,23.5281,30.8652
2/25/2018 21:01,23.5388,30.8347
2/25/2018 21:02,23.5495,30.7432
2/25/2018 21:03,23.5603,30.7432
2/25/2018 21:04,23.5817,30.7432
2/25/2018 21:05,23.5924,30.7432
2/25/2018 21:06,23.6139,30.7126
2/25/2018 21:07,23.6353,30.7126
2/25/2018 21:08,23.6568,30.6821
2/25/2018 21:09,23.6675,30.6821
2/25/2018 21:10,23.6675,30.6516
2/25/2018 21:11,23.6675,30.6211
2/25/2018 21:12,23.6675,30.6211
2/25/2018 21:13,23.689,30.5601
2/25/2018 21:14,23.6997,30.5295
2/25/2018 21:15,23.7104,30.5295
2/25/2018 21:16,23.7104,30.499
2/25/2018 21:17,23.7211,30.499
2/25/2018 21:18,23.7319,30.438
2/25/2018 21:19,23.7319,30.438
2/25/2018 21:20,23.7426,30.438
2/25/2018 21:21,23.7426,30.4075
2/25/2018 21:22,23.7426,30.4075
2/25/2018 21:23,23.7426,30.4075
2/25/2018 21:24,23.7533,30.377
2/25/2018 21:25,23.7533,30.377
2/25/2018 21:26,23.764,30.377
2/25/2018 21:27,23.7533,30.377
2/25/2018 21:28,23.764,30.377
2/25/2018 21:29,23.764,30.377
2/25/2018 21:30,23.764,30.377
2/25/2018 21:31,23.764,30.3159
2/25/2018 21:32,23.764,30.3159
2/25/2018 21:33,23.764,30.3159
2/25/2018 21:34,23.764,30.3159
2/25/2018 21:35,23.764,30.3159
2/25/2018 21:36,23.764,30.3159
2/25/2018 21:37,23.764,30.2854
2/25/2018 21:38,23.764,30.2854
2/25/2018 21:39,23.764,30.2854
2/25/2018 21:40,23.764,30.2854
2/25/2018 21:41,23.764,30.2854
2/25/2018 21:42,23.764,30.2854
2/25/2018 21:43,23.764,30.2854
2/25/2018 21:44,23.764,30.2854
2/25/2018 21:45,23.7533,30.2854
2/25/2018 21:46,23.764,30.2549
2/25/2018 21:47,23.764,30.2549
2/25/2018 21:48,23.7533,30.2549
2/25/2018 21:49,23.7533,30.2549
2/25/2018 21:50,23.7533,30.2549
2/25/2018 21:51,23.7533,30.2549
2/25/2018 21:52,23.7533,30.2549
2/25/2018 21:53,23.7533,30.2244
2/25/2018 21:54,23.7533,30.2244
2/25/2018 21:55,23.7533,30.2244
2/25/2018 21:56,23.7533,30.2244
2/25/2018 21:57,23.7533,30.2244
2/25/2018 21:58,23.7533,30.2244
2/25/2018 21:59,23.7533,30.2244
2/25/2018 22:00,23.7533,30.2244
2/25/2018 22:01,23.7533,30.2244
2/25/2018 22:02,23.7533,30.2244
2/25/2018 22:03,23.7533,30.2244
2/25/2018 22:04,23.7426,30.1633
2/25/2018 22:05,23.7533,30.1633
2/25/2018 22:06,23.7426,30.1633
2/25/2018 22:07,23.7533,30.1633
2/25/2018 22:08,23.7533,30.1633
2/25/2018 22:09,23.7533,30.1633
2/25/2018 22:10,23.7533,30.1633
2/25/2018 22:11,23.7533,30.1633
2/25/2018 22:12,23.7533,30.1633
2/25/2018 22:13,23.7533,30.1633
2/25/2018 22:14,23.7533,30.1328
2/25/2018 22:15,23.7533,30.1328
2/25/2018 22:16,23.7533,30.1328
2/25/2018 22:17,23.7533,30.1328
2/25/2018 22:18,23.7533,30.1328
2/25/2018 22:19,23.7533,30.1328
2/25/2018 22:20,23.7533,30.1328
